"AICc","model","delta","logLik","pseudo_R2","rel_lik","weight","Vars"
"1",33.9691310294595,"Model5",0,-11.0168235792459,0.562028529175894,7.35738136432739,0.758013428237314,"No. times logged & Region"
"2",37.8576744087789,"Model6",3.88854337931942,-14.3038372043895,0.431354003831307,1.05277800228182,0.108465202925555,"No. times logged & Logging method"
"3",37.9605391825419,"Model4",3.99140815308235,-15.6166332276346,0.379164078027661,1,0.103027611415194,"No. times logged"
"4",40.3954892551877,"Model7",6.42635822572813,-15.5727446275938,0.380908859958133,0.295976554275815,0.0304937574219369,"No. times logged & Age"
