,Parameter,coef_estimate,lower,upper,med_pval,se
1,Intercept,-26.71939252,-52.52940725,-0.819392174,0.04329593,13.1647174
2,Vol_slope,-1.110287515,-1.512275227,-0.708905244,6.09E-08,0.205035759
