"Parameter","coef_estimate","lower","upper","med_pval"
"1","Intercept",0.0662469061608447,0.0317893693356086,0.0905779549059089,2.59506062416673e-05
"2","Vol_slope",-0.00113770507508072,-0.00172600642595285,-0.000549403724208599,1.62650806495085e-05
