"Parameter","coef_estimate","lower","upper","med_pval"
"1","Intercept",-0.133161297446659,-0.225836795341621,-0.0408421173614677,0.0045426683190254
"2","Vol_slope",-0.00415904410417214,-0.00573711278076205,-0.00256300001221383,3.66362222538913e-07
