"AICc","Vars","delta","rel_lik","weight"
"2",-1.02704444346068,"Volume",0,1,0.875306999628919
"3",3.38662693391415,"Volume+Volume^2",4.41367137737483,0.110048325307306,0.0963260694389255
"5",5.83963627033256,"Volume+Method",6.86668071379324,0.0322789373174047,0.0282539797745074
"1",17.0877137077989,"Null",18.1147581512596,0.00011652798774812,0.000101997763328603
"4",21.5503166941049,"Method",22.5773611375656,1.25137743947024e-05,1.09533943194601e-05
