"Parameter","coef_estimate","lower","upper","med_pval","se"
"1","Intercept",0.0601961342139689,0.0309421143517046,0.0877960278764222,8.10692415115297e-06,0.0119774146203099
"2","Vol_slope",-0.00104218185924244,-0.00163884410248076,-0.000481315801421724,6.23463721720252e-05,0.000281926275143615
