"Parameter","coef_estimate","lower","upper","med_pval"
"1","Intercept",-0.13145227813957,-0.221965995137937,-0.0411551245575205,0.0041515000847354
"2","Vol_slope",-0.00419590731704448,-0.00579832776383748,-0.00259347954395368,2.48206502136732e-07
