"Vars","Prop_rank","AICc_med","delta_med","R2_med"
"1","Age",0,7.76011041993362,8.24842508249684,0.185807375024156
"2","Method",0.3381,11.2356699471425,5.85865439726589,0.00487427885683189
"3","Null",0.2458,17.5107887581703,10.7875859201969,0
"4","Volume",0.4161,5.19761006067798,1.41343797345446,0.301294635282943
