"","(Intercept)","Method","Vol_sq","Vol2","Method:Vol_sq","Method:Vol2","Vol_log","Vol_log2","Method:Vol_log","Method:Vol_log2","df","logLik","AICc","delta","weight","r2"
"5",-3.13332257317794,"+",NA,NA,NA,NA,0.64253387657901,NA,"+",NA,6,-25.6809203069544,67.7828932454878,0,0.811308192604323,0.377844851345856
"6",-0.912120687594108,"+",NA,NA,NA,NA,NA,NA,NA,NA,4,-30.6841768108384,71.2731155264387,3.49022228095086,0.14167516362599,0.0935539569016347
"3",-1.90064390983128,NA,NA,0.0180246269048812,NA,NA,NA,NA,NA,NA,4,-32.6593687793276,75.2234994634172,7.44060621792933,0.0196552580645917,0.331926816492082
"7",-1.14946819830593,NA,NA,NA,NA,NA,NA,NA,NA,NA,3,-34.1556570323305,75.40222315557,7.61932991008219,0.0179750204703245,0
"4",-1.86700022704465,"+",NA,NA,NA,NA,-0.0891976016447396,0.100781833442464,"+","+",8,-26.1156334319046,76.7018550991032,8.9189618536154,0.0093855105637373,0.387029752264267
"2",-1.98095655135038,NA,-2.82736799609593e-05,0.0219985057079946,NA,NA,NA,NA,NA,NA,5,-41.1548902831262,95.3097805662525,27.5268873207647,8.54669543205154e-07,0.334579366338558
"1",-1.47142946851315,"+",7.25424526720083e-06,0.012290921270514,"+","+",NA,NA,NA,NA,8,-48.6793534544667,121.829295144228,54.0464018987397,1.48990578296111e-12,0.383847300481949
