"","(Intercept)","Method","Vol_sq","Vol2","Method:Vol_sq","Method:Vol2","Vol_log","Vol_log2","Method:Vol_log","Method:Vol_log2","df","logLik","AICc","delta","weight","r2"
"5",-3.54314395479035,"+",NA,NA,NA,NA,0.740730935910452,NA,"+",NA,6,-35.9358773940225,86.5814322073998,0,0.96769385181595,0.327477046547832
"4",-4.73217169059455,"+",NA,NA,NA,NA,1.42909198349261,-0.0945459454547064,"+","+",8,-36.412644896433,93.7908070342454,7.20937482684552,0.026317348356417,0.342238548642616
"3",-1.88287836232587,NA,NA,0.0199886037875022,NA,NA,NA,NA,NA,NA,4,-44.0349040900817,97.2819293922846,10.7004971848848,0.00459361444983844,0.229847738618963
"6",-1.13315017084755,NA,NA,NA,NA,NA,NA,NA,NA,NA,3,-46.4811588435271,99.6682000399954,13.0867678325956,0.00139310051884633,0
"2",-2.34267040543246,NA,-0.000233237207559074,0.0453416832782909,NA,NA,NA,NA,NA,NA,5,-50.401187233658,112.677374467316,26.0959422599161,2.08485626972717e-06,0.275769713599685
"1",-1.77640731041595,"+",-5.72841487628571e-05,0.0241443952465801,"+","+",NA,NA,NA,NA,8,-59.4209650535761,139.807447348531,53.2260151411316,2.67827795756196e-12,0.296777390330012
