"","(Intercept)","Method","Vol_sq","Vol2","Method:Vol_sq","Method:Vol2","Vol_log","Vol_log2","Method:Vol_log","Method:Vol_log2","df","logLik","AICc","delta","weight","r2"
"5",-3.64991479135395,"+",NA,NA,NA,NA,0.724019727961983,NA,"+",NA,6,-35.2457490032465,85.2011754258479,0,0.98577486970759,0.455138023628261
"4",-3.68551060350124,"+",NA,NA,NA,NA,0.750877000412563,-0.00431993419258657,"+","+",8,-36.6419501785122,94.2494175984037,9.04824217255577,0.0106899806548449,0.0524951869859759
"3",-1.93215529108102,NA,NA,0.0140315830729255,NA,NA,NA,NA,NA,NA,4,-43.8243535153325,96.8608282427863,11.6596528169384,0.00289678526611615,0.325005967515529
"6",-1.12663311907119,"+",NA,NA,NA,NA,NA,NA,NA,NA,4,-45.5417134535144,100.29554811915,15.0943726933022,0.000520087431007275,0
"7",-1.26759897024295,NA,NA,NA,NA,NA,NA,NA,NA,NA,3,-48.2781775528464,103.262237458634,18.0610620327862,0.000117996181556638,0.453684904425924
"2",-2.2199545963833,NA,-7.40811025653604e-05,0.0264296285562798,NA,NA,NA,NA,NA,NA,5,-51.7345327269028,115.344065453806,30.1428900279576,2.80758128400209e-07,0.395978778260109
"1",-1.87243528038209,"+",-4.34614496158524e-05,0.0191280575236913,"+","+",NA,NA,NA,NA,8,-60.0140223893145,140.993562020008,55.7923865941604,7.56162137299317e-13,0.399881032955474
